{"cameraMode":{"drawMode":0,"name":"Shaded","section":"Shading Mode"},"sceneLighting":false,"audioPlay":false,"sceneViewState":{"showFog":true,"showMaterialUpdate":false,"showSkybox":false,"showFlares":true,"showImageEffects":true,"showParticleSystems":true},"in2DMode":false,"pivot":{"x":-0.10471034049987793,"y":0.3708488941192627,"z":-0.07916951179504395},"rotation":{"x":0.24511024355888368,"y":-0.38237062096595766,"z":0.10595209896564484,"w":0.8845834732055664},"size":14.554429054260254,"orthographic":false}