{"cameraMode":{"drawMode":0,"name":"Shaded","section":"Shading Mode"},"sceneLighting":false,"audioPlay":false,"sceneViewState":{"showFog":true,"showMaterialUpdate":false,"showSkybox":false,"showFlares":true,"showImageEffects":true,"showParticleSystems":true},"in2DMode":false,"pivot":{"x":0.012239456176757813,"y":0.3275294303894043,"z":-0.5647926926612854},"rotation":{"x":0.1354282945394516,"y":0.7900528907775879,"z":-0.1885814517736435,"w":0.5673735737800598},"size":4.0578932762146,"orthographic":false}